"Guid","AccountId","AssistantName","AssistantPhone","Birthdate","Department","Description","Email","EmailBouncedReason","Fax","FirstName","HomePhone","Jigsaw","Languages__c","LastName","LeadSource","Level__c","MailingCity","MailingCountry","MailingGeocodeAccuracy","MailingLatitude","MailingLongitude","MailingPostalCode","MailingState","MailingStreet","MobilePhone","OtherCity","OtherCountry","OtherGeocodeAccuracy","OtherLatitude","OtherLongitude","OtherPhone","OtherPostalCode","OtherState","OtherStreet","Phone","ReportsToId","Salutation","Title"
06465f9c-c8f9-40ac-9473-3e0a7795041d,eb768ed2-f404-4dfb-86d5-ce089667e4c9,Pat Feinstein,(212) 842-5464,1953-07-02,Executive Team,"#N/A",asong@uog.com,"#N/A",(212) 842-5501,Arthur,"#N/A","#N/A",English,Song,Public Relations,Secondary,"#N/A","#N/A","#N/A","#N/A","#N/A","#N/A","#N/A","1301 Avenue of the Americas 
New York, NY 10019
USA",(212) 842-4535,"#N/A","#N/A","#N/A","#N/A","#N/A","#N/A","#N/A","#N/A","#N/A",(212) 842-5500,"#N/A",Mr.,CEO
0c31d71c-0ff6-4064-adcd-48653491c686,75ae3e7a-9bf0-45b7-a7d0-aa5e7407889c,"#N/A","#N/A",1963-08-19,Production,"#N/A",ldcruz@uog.com,"#N/A",(650) 450-8820,Liz,"#N/A","#N/A",English,D'Cruz,Public Relations,Secondary,"#N/A","#N/A","#N/A","#N/A","#N/A","#N/A","#N/A","10 Tagore Lane
Singapore, Singapore 787472
Singapore",(650) 345-6637,"#N/A","#N/A","#N/A","#N/A","#N/A","#N/A","#N/A","#N/A","#N/A",(650) 450-8810,"#N/A",Ms.,"VP, Production"
0d7e9882-9de4-4e9c-a360-c0d3cdfe0f22,594a0ff2-0ab0-4dc6-8032-577e8bcee3b1,"#N/A","#N/A",1946-01-01,Administration,"#N/A",jane_gray@uoa.edu,"#N/A",(520) 773-9060,Jane,"#N/A","#N/A",English,Grey,Word of mouth,Primary,"#N/A","#N/A","#N/A","#N/A","#N/A","#N/A","#N/A","888 N Euclid 
Hallis Center, Room 501
Tucson, AZ 85721
United States",(520) 773-4539,"#N/A","#N/A","#N/A","#N/A","#N/A","#N/A","#N/A","#N/A","#N/A",(520) 773-9050,"#N/A",Ms.,Dean of Administration
0e5f183c-1570-4c60-bb8b-be036f5598d5,d982bed5-2de0-40cb-b11a-46dea193f0cc,"#N/A","#N/A",1955-07-10,Finance,"#N/A",barr_tim@grandhotels.com,"#N/A",(312) 596-1500,Tim,"#N/A","#N/A",English,Barr,External Referral,Secondary,"#N/A","#N/A","#N/A","#N/A","#N/A","#N/A","#N/A","2335 N. Michigan Avenue, Suite 1500
Chicago, IL 60601, USA",(312) 596-1230,"#N/A","#N/A","#N/A","#N/A","#N/A","#N/A","#N/A","#N/A","#N/A",(312) 596-1000,"#N/A",Mr.,"SVP, Administration and Finance"
19e8bea6-19db-45ff-90b3-825746caf9b8,e77fe2e3-6ef9-4d9e-98bf-c9737caa2f12,"#N/A","#N/A","#N/A","#N/A","#N/A","#N/A","#N/A","#N/A",Jake,"#N/A","#N/A","#N/A",Llorrac,"#N/A","#N/A","#N/A","#N/A","#N/A","#N/A","#N/A","#N/A","#N/A","#N/A","#N/A","#N/A","#N/A","#N/A","#N/A","#N/A","#N/A","#N/A","#N/A","#N/A","#N/A","#N/A",Mr.,"#N/A"
1f1bf94e-2e18-4350-9c27-aa24ec47f881,75ae3e7a-9bf0-45b7-a7d0-aa5e7407889c,"#N/A","#N/A",1952-05-08,Executive Team,"#N/A",tripley@uog.com,"#N/A",(650) 450-8820,Tom,"#N/A","#N/A",English,Ripley,Public Relations,Primary,"#N/A","#N/A","#N/A","#N/A","#N/A","#N/A","#N/A","9 Tagore Lane
Singapore, Singapore 787472
Singapore",(650) 345-7636,"#N/A","#N/A","#N/A","#N/A","#N/A","#N/A","#N/A","#N/A","#N/A",(650) 450-8810,"#N/A",Mr.,Regional General Manager
60cdb334-5925-4498-93ac-bd9dde641f6a,20e32077-55f6-4b46-84a3-855838b13ddd,"#N/A","#N/A",1944-01-24,Technology,"#N/A",efrank@genepoint.com,"#N/A",(650) 867-9895,Edna,"#N/A","#N/A",English,Frank,Partner,Primary,"#N/A","#N/A","#N/A","#N/A","#N/A","#N/A","#N/A","345 Shoreline Park
Mountain View, CA 94043
USA",(650) 867-7686,"#N/A","#N/A","#N/A","#N/A","#N/A","#N/A","#N/A","#N/A","#N/A",(650) 867-3450,"#N/A",Ms.,"VP, Technology"
6f914350-d2dc-48b1-b8a7-6ac0f63af16e,55a4331d-4e7c-4a00-8d70-eae2face4823,"#N/A","#N/A","#N/A","#N/A","#N/A",jrogers@burlington.com,"#N/A",(336) 222-8000,Jack,"#N/A","#N/A","#N/A",Rogers,Web,"#N/A",Burlington,USA,"#N/A","#N/A","#N/A",27215,NC,525 S. Lexington Ave,"#N/A","#N/A","#N/A","#N/A","#N/A","#N/A","#N/A","#N/A","#N/A","#N/A",(336) 222-7000,"#N/A",Mr.,"VP, Facilities"
866bc5fd-6e6e-4959-b604-ba69bfd0ebf0,207e4601-b300-4dea-96b5-8be3e18fee4c,"#N/A","#N/A",1950-02-14,Warehouse Mgmt,"#N/A",j.davis@expressl&t.net,"#N/A",(503) 421-7801,Josh,"#N/A","#N/A",English,Davis,Word of mouth,Secondary,"#N/A","#N/A","#N/A","#N/A","#N/A","#N/A","#N/A","621 SW 5th Avenue Suite 400
Portland, Oregon 97204
United States",(503) 421-4387,"#N/A","#N/A","#N/A","#N/A","#N/A","#N/A","#N/A","#N/A","#N/A",(503) 421-7800,"#N/A",Mr.,"Director, Warehouse Mgmt"
867afe9c-8548-489c-9460-4f8a59424c00,d7fdeb87-0914-40c1-ac4f-a08b7891359b,"#N/A","#N/A",1969-11-13,Procurement,"#N/A",rose@edge.com,"#N/A",(512) 757-9000,Rose,"#N/A","#N/A",English,Gonzalez,Trade Show,Primary,"#N/A","#N/A","#N/A","#N/A","#N/A","#N/A","#N/A","313 Constitution Place
Austin, TX 78767
USA",(512) 757-9340,"#N/A","#N/A","#N/A","#N/A","#N/A","#N/A","#N/A","#N/A","#N/A",(512) 757-6000,"#N/A",Ms.,"SVP, Procurement"
ae66107e-99a5-47d8-b617-1663b372a1d3,d982bed5-2de0-40cb-b11a-46dea193f0cc,"#N/A","#N/A",1957-09-20,Facilities,"#N/A",bond_john@grandhotels.com,"#N/A",(312) 596-1500,John,"#N/A","#N/A",English,Bond,External Referral,Primary,"#N/A","#N/A","#N/A","#N/A","#N/A","#N/A","#N/A","2334 N. Michigan Avenue, Suite 1500
Chicago, IL 60601, USA",(312) 596-1563,"#N/A","#N/A","#N/A","#N/A","#N/A","#N/A","#N/A","#N/A","#N/A",(312) 596-1000,"#N/A",Mr.,"VP, Facilities"
bf0fd279-6ccd-4f7c-a127-13a706bc1563,f59f7acb-043f-41f5-a392-162796c0057e,"#N/A","#N/A","#N/A",Internal Operations,"#N/A",a_young@dickenson.com,"#N/A","#N/A",Andy,"#N/A","#N/A",English,Young,Purchased List,Primary,Lawrence,USA,"#N/A","#N/A","#N/A",66045,KS,1301 Hoch Drive,(785) 265-5350,Lawrence,USA,"#N/A","#N/A","#N/A","#N/A",66045,KS,1301 Hoch Drive,(785) 241-6200,"#N/A",Mr,"SVP, Operations"
cc5352b6-cc7d-4734-8155-a6374aa1154d,207e4601-b300-4dea-96b5-8be3e18fee4c,Ron Sage,(503) 421-6782,1938-10-21,Operations,"#N/A",b.levy@expressl&t.net,"#N/A",(503) 421-7801,Babara,"#N/A","#N/A",English,Levy,Word of mouth,Primary,"#N/A","#N/A","#N/A","#N/A","#N/A","#N/A","#N/A","620 SW 5th Avenue Suite 400
Portland, Oregon 97204
United States",(503) 421-5451,"#N/A","#N/A","#N/A","#N/A","#N/A","#N/A","#N/A","#N/A","#N/A",(503) 421-7800,"#N/A",Ms.,"SVP, Operations"
cd205fa0-9f36-40b8-8e49-59f3937f131d,eb768ed2-f404-4dfb-86d5-ce089667e4c9,Audrey Haynes,(212) 842-5589,1945-03-06,Production,"#N/A",spavlova@uog.com,"#N/A",(212) 842-5501,Stella,"#N/A","#N/A",English,Pavlova,Public Relations,Tertiary,"#N/A","#N/A","#N/A","#N/A","#N/A","#N/A","#N/A","1303 Avenue of the Americas 
New York, NY 10019
USA",(212) 842-5501,"#N/A","#N/A","#N/A","#N/A","#N/A",(212) 842-5543,"#N/A","#N/A","#N/A",(212) 842-5500,"#N/A",Ms.,"SVP, Production"
d1050e8a-c301-4402-ab22-c1474d5db97b,e77fe2e3-6ef9-4d9e-98bf-c9737caa2f12,"#N/A","#N/A","#N/A","#N/A","#N/A","#N/A","#N/A","#N/A",Siddartha,"#N/A","#N/A","#N/A",Nedaerk,"#N/A","#N/A",San Francisco,US,"#N/A","#N/A","#N/A",94087,CA,The Landmark @ One Market,"#N/A","#N/A","#N/A","#N/A","#N/A","#N/A","#N/A","#N/A","#N/A","#N/A","#N/A","#N/A",Ms.,"#N/A"
db61af44-0978-454d-aca8-c44332051386,54a6f27d-7b68-4b31-9186-c329f7cda770,Jean Marie,(014) 427-4465,"#N/A",Finance,"#N/A",pat@pyramid.net,"#N/A",(014) 427-4428,Pat,"#N/A","#N/A","French, English",Stumuller,"#N/A",Primary,Paris,France,"#N/A","#N/A","#N/A",75251,"#N/A",2 Place Jussieu,(014) 454-6364,Paris,France,"#N/A","#N/A","#N/A","#N/A",75251,"#N/A",2 Place Jussieu,(014) 427-4427,"#N/A",Ms.,"SVP, Administration and Finance"
e56d8cf0-c13c-4677-b122-de62f7a32603,c4591eaf-61d8-4042-9fa9-cfc6c03fdae9,"#N/A","#N/A",1948-03-11,Finance,"#N/A",ajames@uog.com,"#N/A",+44 191 4956620,Ashley,"#N/A","#N/A",English,James,Public Relations,Primary,"#N/A","#N/A","#N/A","#N/A","#N/A","#N/A","#N/A","Kings Park, 17th Avenue, Team Valley Trading Estate,
Gateshead, Tyne and Wear NE26 3HS
United Kingdom",+44 191 3456234,"#N/A","#N/A","#N/A","#N/A","#N/A","#N/A","#N/A","#N/A","#N/A",+44 191 4956203,"#N/A",Ms.,"VP, Finance"
e70e3fb3-ab71-4998-8208-d1543bf25f13,eb768ed2-f404-4dfb-86d5-ce089667e4c9,Chris Nobel,(212) 842-5428,1935-06-13,Finance,"#N/A",agreen@uog.com,"#N/A",(212) 842-5501,Avi,"#N/A","#N/A",English,Green,Public Relations,Primary,"#N/A","#N/A","#N/A","#N/A","#N/A","#N/A","#N/A","1302 Avenue of the Americas 
New York, NY 10019
USA",(212) 842-2383,"#N/A","#N/A","#N/A","#N/A","#N/A","#N/A","#N/A","#N/A","#N/A",(212) 842-5500,"#N/A",Mr.,CFO
fd1f01e6-8bb4-437b-a68d-d76c6c9bfca9,d7fdeb87-0914-40c1-ac4f-a08b7891359b,"#N/A","#N/A",1948-08-11,Finance,"#N/A",sean@edge.com,"#N/A",(512) 757-9000,Sean,"#N/A","#N/A",English,Forbes,Trade Show,Secondary,"#N/A","#N/A","#N/A","#N/A","#N/A","#N/A","#N/A","312 Constitution Place
Austin, TX 78767
USA",(512) 757-4561,"#N/A","#N/A","#N/A","#N/A","#N/A","#N/A","#N/A","#N/A","#N/A",(512) 757-6000,"#N/A",Mr.,CFO
fe7bd72d-a8cb-4693-b4a9-914c1ff2d157,eb768ed2-f404-4dfb-86d5-ce089667e4c9,"#N/A","#N/A",1962-04-19,Technology,"#N/A",lboyle@uog.com,"#N/A",(212) 842-5501,Lauren,"#N/A","#N/A",English,Boyle,Public Relations,Secondary,"#N/A","#N/A","#N/A","#N/A","#N/A","#N/A","#N/A","1304 Avenue of the Americas 
New York, NY 10019
USA",(212) 842-5611,"#N/A","#N/A","#N/A","#N/A","#N/A","#N/A","#N/A","#N/A","#N/A",(212) 842-5500,"#N/A",Ms.,"SVP, Technology"
